INSERT INTO `departments` (`dept_no`, `dept_name`) VALUES
('d013', '120051'),
('d012', 'Android'),
('d009', 'Customer Service'),
('d005', 'Development'),
('d002', 'Finance'),
('d003', 'Human Resources'),
('d001', 'Marketing'),
('d004', 'Production'),
('d006', 'Quality Management'),
('d008', 'Research'),
('d007', 'Sales');

INSERT INTO `dept_emp` (`emp_no`, `dept_no`, `from_date`, `to_date`) VALUES
(10120, 'd004', '1996-07-06', '9999-01-01'),
(10121, 'd005', '1989-05-03', '9999-01-01'),
(10122, 'd005', '1998-08-06', '9999-01-01'),
(10123, 'd004', '1993-01-15', '9999-01-01'),
(10124, 'd004', '1991-09-05', '1999-06-06'),
(10124, 'd006', '1999-06-06', '9999-01-01'),
(10125, 'd007', '1990-10-26', '1996-03-25'),
(10126, 'd009', '1985-09-08', '9999-01-01'),
(10127, 'd005', '1991-05-17', '9999-01-01'),
(10128, 'd009', '1988-06-06', '9999-01-01'),
(10129, 'd005', '1996-01-16', '9999-01-01'),
(10130, 'd004', '1988-06-21', '9999-01-01'),
(10131, 'd004', '1999-09-17', '1999-12-06'),
(10132, 'd002', '1997-06-18', '9999-01-01'),
(10133, 'd004', '1985-12-15', '9999-01-01'),
(10134, 'd004', '1993-12-02', '9999-01-01'),
(10134, 'd005', '1987-12-12', '1993-12-02'),
(10135, 'd004', '1990-01-04', '9999-01-01'),
(10136, 'd007', '1988-06-13', '1999-09-20'),
(10137, 'd009', '1985-02-18', '9999-01-01'),
(10138, 'd006', '1992-03-03', '9999-01-01'),
(10139, 'd005', '1998-03-15', '9999-01-01'),
(10140, 'd001', '1991-03-14', '9999-01-01'),
(10141, 'd008', '1998-07-23', '9999-01-01'),
(10142, 'd005', '1993-10-28', '9999-01-01'),
(10143, 'd005', '1988-09-30', '9999-01-01'),
(10144, 'd002', '1985-10-14', '1988-09-02'),
(10144, 'd003', '1988-09-02', '1993-08-10'),
(10145, 'd005', '1999-11-03', '9999-01-01'),
(10146, 'd002', '1988-06-28', '1990-09-07'),
(10147, 'd002', '1987-12-18', '9999-01-01'),
(10148, 'd007', '1996-07-15', '9999-01-01'),
(10149, 'd007', '1994-01-28', '1996-08-27'),
(10150, 'd005', '1986-11-16', '9999-01-01'),
(10151, 'd007', '1992-12-12', '9999-01-01'),
(10152, 'd006', '1986-01-27', '1987-08-03'),
(10153, 'd005', '2000-01-08', '9999-01-01'),
(10154, 'd009', '1996-10-23', '9999-01-01'),
(10155, 'd004', '1990-07-12', '9999-01-01'),
(10155, 'd008', '1990-01-05', '1990-07-12'),
(10156, 'd006', '1993-05-14', '9999-01-01'),
(10157, 'd005', '1997-12-10', '9999-01-01'),
(10158, 'd004', '1987-06-04', '9999-01-01'),
(10159, 'd006', '1996-06-12', '9999-01-01'),
(10160, 'd007', '1993-12-06', '9999-01-01'),
(10161, 'd004', '1991-06-09', '1994-01-05'),
(10162, 'd004', '1998-05-27', '9999-01-01'),
(10163, 'd003', '1992-02-02', '9999-01-01'),
(10164, 'd004', '1990-10-19', '2000-05-31'),
(10164, 'd009', '2000-05-31', '9999-01-01'),
(10165, 'd002', '1988-05-17', '9999-01-01'),
(10166, 'd005', '1996-09-02', '9999-01-01'),
(10167, 'd004', '1992-04-04', '9999-01-01'),
(10168, 'd008', '1986-12-06', '9999-01-01'),
(10169, 'd005', '1998-06-28', '9999-01-01'),
(10170, 'd004', '1986-01-02', '1989-02-06'),
(10171, 'd004', '1996-08-05', '9999-01-01'),
(10172, 'd005', '1998-02-04', '1998-10-01'),
(10172, 'd008', '1998-10-01', '9999-01-01'),
(10173, 'd002', '1992-03-21', '9999-01-01'),
(10174, 'd004', '1987-06-01', '9999-01-01'),
(10175, 'd001', '1988-09-24', '1995-05-24'),
(10176, 'd009', '1994-12-22', '9999-01-01'),
(10177, 'd002', '1993-02-06', '1994-03-17'),
(10178, 'd007', '1994-03-21', '9999-01-01'),
(10179, 'd005', '2000-01-25', '9999-01-01'),
(10180, 'd002', '1994-07-01', '9999-01-01'),
(10181, 'd005', '1988-06-22', '9999-01-01'),
(10182, 'd005', '1990-09-02', '1999-01-05'),
(10182, 'd008', '1999-01-05', '9999-01-01'),
(10183, 'd009', '1996-08-11', '9999-01-01'),
(10184, 'd009', '1997-12-26', '9999-01-01'),
(10185, 'd007', '1986-03-01', '9999-01-01'),
(10186, 'd002', '1996-12-25', '1997-08-16'),
(10187, 'd002', '1991-06-01', '9999-01-01'),
(10188, 'd004', '1987-08-27', '9999-01-01'),
(10189, 'd005', '1992-09-13', '1993-06-29'),
(10190, 'd004', '1986-06-23', '9999-01-01'),
(10191, 'd005', '1986-04-10', '9999-01-01'),
(10192, 'd004', '1999-08-09', '9999-01-01'),
(10192, 'd006', '1988-06-13', '1999-08-09'),
(10193, 'd005', '1996-09-21', '9999-01-01'),
(10194, 'd002', '1997-02-14', '9999-01-01'),
(10195, 'd004', '1985-02-15', '2001-04-14'),
(10196, 'd002', '1999-01-31', '9999-01-01'),
(10197, 'd005', '1994-06-28', '9999-01-01'),
(10198, 'd005', '1985-08-31', '9999-01-01'),
(10199, 'd007', '1998-02-07', '9999-01-01'),
(10200, 'd004', '1994-02-17', '2000-10-03'),
(10200, 'd006', '2000-10-03', '9999-01-01');


INSERT INTO `employees` (`emp_no`, `birth_date`, `first_name`, `last_name`, `gender`, `hire_date`) VALUES
(10120, '1960-03-26', 'Armond', 'Fairtlough', 'F', '1996-07-06'),
(10121, '1962-07-14', 'Guoxiang', 'Ramsay', 'M', '1989-05-03'),
(10122, '1965-01-19', 'Ohad', 'Esposito', 'M', '1992-12-23'),
(10123, '1962-05-12', 'Hinrich', 'Randi', 'M', '1993-01-15'),
(10124, '1962-05-23', 'Geraldo', 'Marwedel', 'M', '1991-09-05'),
(10125, '1957-09-13', 'Syozo', 'Hiltgen', 'F', '1990-10-26'),
(10126, '1954-08-07', 'Kayoko', 'Valtorta', 'M', '1985-09-08'),
(10127, '1952-02-24', 'Subir', 'Baja', 'F', '1989-01-14'),
(10128, '1958-02-15', 'Babette', 'Lamba', 'F', '1988-06-06'),
(10129, '1955-12-02', 'Armond', 'Peir', 'M', '1985-12-10'),
(10130, '1955-04-27', 'Nishit', 'Casperson', 'M', '1988-06-21'),
(10131, '1952-02-19', 'Magdalena', 'Eldridge', 'M', '1994-11-17'),
(10132, '1956-12-15', 'Ayakannu', 'Skrikant', 'M', '1994-10-30'),
(10133, '1963-12-12', 'Giri', 'Isaak', 'M', '1985-12-15'),
(10134, '1953-04-15', 'Diederik', 'Siprelle', 'M', '1987-12-12'),
(10135, '1956-12-23', 'Nathan', 'Monkewich', 'M', '1988-02-19'),
(10136, '1961-09-14', 'Zissis', 'Pintelas', 'M', '1986-02-11'),
(10137, '1959-07-30', 'Maren', 'Hutton', 'M', '1985-02-18'),
(10138, '1955-04-24', 'Perry', 'Shimshoni', 'M', '1986-09-18'),
(10139, '1963-03-03', 'Ewing', 'Foong', 'F', '1998-03-15'),
(10140, '1957-03-11', 'Yucel', 'Auria', 'F', '1991-03-14'),
(10141, '1960-01-17', 'Shahaf', 'Ishibashi', 'F', '1993-05-06'),
(10142, '1956-08-29', 'Tzvetan', 'Hettesheimer', 'M', '1993-10-28'),
(10143, '1961-07-16', 'Sakthirel', 'Bakhtari', 'M', '1988-09-30'),
(10144, '1959-06-17', 'Marla', 'Brendel', 'M', '1985-10-14'),
(10145, '1956-03-30', 'Akemi', 'Esposito', 'F', '1987-08-01'),
(10146, '1959-01-12', 'Chenyi', 'Syang', 'M', '1988-06-28'),
(10147, '1964-10-13', 'Kazuhito', 'Encarnacion', 'M', '1986-08-21'),
(10148, '1957-10-04', 'Douadi', 'Azumi', 'M', '1995-10-10'),
(10149, '1953-05-20', 'Xiadong', 'Perry', 'F', '1986-11-05'),
(10150, '1955-01-29', 'Zhenbing', 'Perng', 'F', '1986-11-16'),
(10151, '1959-03-06', 'Itzchak', 'Lichtner', 'M', '1990-04-10'),
(10152, '1954-12-01', 'Jaques', 'Munro', 'F', '1986-01-27'),
(10153, '1955-12-15', 'Heekeun', 'Majewski', 'M', '1987-04-08'),
(10154, '1957-01-17', 'Abdulah', 'Thibadeau', 'F', '1990-12-12'),
(10155, '1959-12-07', 'Adas', 'Nastansky', 'M', '1990-01-05'),
(10156, '1964-09-19', 'Sumali', 'Fargier', 'M', '1985-03-10'),
(10157, '1954-04-23', 'Nigel', 'Aloisi', 'M', '1985-11-02'),
(10158, '1958-04-01', 'Khedija', 'Mitsuhashi', 'M', '1986-01-29'),
(10159, '1955-03-03', 'Serif', 'Buescher', 'M', '1991-05-29'),
(10160, '1953-10-18', 'Debatosh', 'Khasidashvili', 'M', '1989-01-30'),
(10161, '1953-04-06', 'Hairong', 'Mellouli', 'F', '1988-04-03'),
(10162, '1957-10-05', 'Florina', 'Eugenio', 'M', '1991-05-01'),
(10163, '1952-09-17', 'Karsten', 'Szmurlo', 'M', '1989-07-19'),
(10164, '1956-01-19', 'Jagoda', 'Braunmuhl', 'M', '1985-11-12'),
(10165, '1960-06-16', 'Miyeon', 'Macedo', 'M', '1988-05-17'),
(10166, '1953-05-10', 'Samphel', 'Siegrist', 'F', '1993-01-01'),
(10167, '1958-05-23', 'Duangkaew', 'Rassart', 'M', '1992-04-04'),
(10168, '1964-09-11', 'Dharmaraja', 'Stassinopoulos', 'M', '1986-12-06'),
(10169, '1961-05-03', 'Sampalli', 'Snedden', 'F', '1992-07-24'),
(10170, '1960-10-03', 'Kasturi', 'Jenevein', 'F', '1986-01-02'),
(10171, '1957-09-11', 'Herbert', 'Trachtenberg', 'M', '1989-07-22'),
(10172, '1957-03-25', 'Shigeu', 'Matzen', 'F', '1995-10-13'),
(10173, '1962-10-28', 'Shrikanth', 'Mahmud', 'M', '1992-03-21'),
(10174, '1959-05-15', 'Badri', 'Furudate', 'M', '1987-06-01'),
(10175, '1960-01-11', 'Aleksandar', 'Ananiadou', 'F', '1988-01-11'),
(10176, '1957-01-24', 'Brendon', 'Lenart', 'F', '1994-12-22'),
(10177, '1954-11-08', 'Pragnesh', 'Iisaka', 'M', '1993-02-06'),
(10178, '1963-03-13', 'Valery', 'Litvinov', 'M', '1986-10-07'),
(10179, '1961-11-25', 'Deniz', 'Duclos', 'F', '1990-10-04'),
(10180, '1956-01-29', 'Shaw', 'Wendorf', 'M', '1986-02-25'),
(10181, '1963-01-22', 'Sibyl', 'Nooteboom', 'M', '1988-06-22'),
(10182, '1961-02-04', 'Moriyoshi', 'Merey', 'F', '1990-09-02'),
(10183, '1954-10-17', 'Mechthild', 'Bonifati', 'M', '1996-08-11'),
(10184, '1957-05-22', 'Mihalis', 'Lowrie', 'M', '1987-10-29'),
(10185, '1959-12-05', 'Duro', 'Sidhu', 'F', '1986-03-01'),
(10186, '1953-07-16', 'Shigehito', 'Kropatsch', 'M', '1986-03-28'),
(10187, '1961-05-26', 'Tommaso', 'Narwekar', 'F', '1991-06-01'),
(10188, '1956-07-13', 'Christ', 'Muchinsky', 'F', '1987-08-27'),
(10189, '1955-11-12', 'Khalid', 'Erva', 'M', '1989-10-05'),
(10190, '1964-12-11', 'Arve', 'Fairtlough', 'F', '1986-06-23'),
(10191, '1959-04-08', 'Zdislav', 'Nastansky', 'M', '1986-04-10'),
(10192, '1960-09-16', 'Mohua', 'Falck', 'M', '1988-06-13'),
(10193, '1960-06-29', 'Masaru', 'Cheshire', 'M', '1991-07-28'),
(10194, '1954-01-29', 'Josyula', 'Hofmeyr', 'F', '1989-05-15'),
(10195, '1963-11-13', 'Annemarie', 'Redmiles', 'M', '1985-02-15'),
(10196, '1954-01-27', 'Marc', 'Hellwagner', 'M', '1994-11-16'),
(10197, '1963-08-06', 'Kasidit', 'Krzyzanowski', 'F', '1993-11-22'),
(10198, '1953-05-28', 'Pranav', 'Furedi', 'M', '1985-08-31'),
(10199, '1959-04-07', 'Kazuhisa', 'Ranta', 'M', '1997-04-29'),
(10200, '1961-12-31', 'Vidya', 'Awdeh', 'M', '1985-10-16');


INSERT INTO `salaries` (`emp_no`, `salary`, `from_date`, `to_date`) VALUES
(10120, 46292, '1996-07-06', '1997-07-06'),
(10120, 50091, '1997-07-06', '1998-07-06'),
(10120, 51285, '1998-07-06', '1999-07-06'),
(10120, 52331, '1999-07-06', '2000-07-05'),
(10120, 56210, '2000-07-05', '2001-07-05'),
(10120, 59360, '2001-07-05', '2002-07-05'),
(10120, 59279, '2002-07-05', '9999-01-01'),
(10121, 43772, '1989-05-03', '1990-05-03'),
(10121, 44986, '1990-05-03', '1991-05-03'),
(10121, 48254, '1991-05-03', '1992-05-02'),
(10121, 51126, '1992-05-02', '1993-05-02'),
(10121, 52935, '1993-05-02', '1994-05-02'),
(10121, 53369, '1994-05-02', '1995-05-02'),
(10121, 55848, '1995-05-02', '1996-05-01'),
(10121, 56292, '1996-05-01', '1997-05-01'),
(10121, 57618, '1997-05-01', '1998-05-01'),
(10121, 60389, '1998-05-01', '1999-05-01'),
(10121, 62896, '1999-05-01', '2000-04-30'),
(10121, 64051, '2000-04-30', '2001-04-30'),
(10121, 65243, '2001-04-30', '2002-04-30'),
(10121, 66834, '2002-04-30', '9999-01-01'),
(10122, 42284, '1998-08-06', '1999-08-06'),
(10122, 44008, '1999-08-06', '2000-08-05'),
(10122, 47079, '2000-08-05', '2001-08-05'),
(10122, 48464, '2001-08-05', '9999-01-01'),
(10123, 71524, '1993-01-15', '1994-01-15'),
(10123, 75738, '1994-01-15', '1995-01-15'),
(10123, 77714, '1995-01-15', '1996-01-15'),
(10123, 80105, '1996-01-15', '1997-01-14'),
(10123, 79890, '1997-01-14', '1998-01-14'),
(10123, 83666, '1998-01-14', '1999-01-14'),
(10123, 87050, '1999-01-14', '2000-01-14'),
(10123, 88885, '2000-01-14', '2001-01-13'),
(10123, 92190, '2001-01-13', '2002-01-13'),
(10123, 92601, '2002-01-13', '9999-01-01'),
(10124, 40583, '1991-09-05', '1992-09-04'),
(10124, 41383, '1992-09-04', '1993-09-04'),
(10124, 45702, '1993-09-04', '1994-09-04'),
(10124, 46922, '1994-09-04', '1995-09-04'),
(10124, 47331, '1995-09-04', '1996-09-03'),
(10124, 50109, '1996-09-03', '1997-09-03'),
(10124, 53990, '1997-09-03', '1998-09-03'),
(10124, 55731, '1998-09-03', '1999-09-03'),
(10124, 56905, '1999-09-03', '2000-09-02'),
(10124, 57740, '2000-09-02', '2001-09-02'),
(10124, 58460, '2001-09-02', '9999-01-01'),
(10125, 58249, '1990-10-26', '1991-10-26'),
(10125, 61811, '1991-10-26', '1992-10-25'),
(10125, 63463, '1992-10-25', '1993-10-25'),
(10125, 66048, '1993-10-25', '1994-10-25'),
(10125, 68294, '1994-10-25', '1995-10-25'),
(10125, 69518, '1995-10-25', '1996-03-25'),
(10126, 40000, '1985-09-08', '1986-09-08'),
(10126, 42422, '1986-09-08', '1987-09-08'),
(10126, 44369, '1987-09-08', '1988-09-07'),
(10126, 46618, '1988-09-07', '1989-09-07'),
(10126, 48304, '1989-09-07', '1990-09-07'),
(10126, 50043, '1990-09-07', '1991-09-07'),
(10126, 53369, '1991-09-07', '1992-09-06'),
(10126, 53999, '1992-09-06', '1993-09-06'),
(10126, 58390, '1993-09-06', '1994-09-06'),
(10126, 62074, '1994-09-06', '1995-09-06'),
(10126, 66149, '1995-09-06', '1996-09-05'),
(10126, 67842, '1996-09-05', '1997-09-05'),
(10126, 71295, '1997-09-05', '1998-09-05'),
(10126, 73322, '1998-09-05', '1999-09-05'),
(10126, 74352, '1999-09-05', '2000-09-04'),
(10126, 73958, '2000-09-04', '2001-09-04'),
(10126, 77310, '2001-09-04', '9999-01-01'),
(10127, 40000, '1991-05-17', '1992-05-16'),
(10127, 43494, '1992-05-16', '1993-05-16'),
(10127, 45674, '1993-05-16', '1994-05-16'),
(10127, 46204, '1994-05-16', '1995-05-16'),
(10127, 49840, '1995-05-16', '1996-05-15'),
(10127, 51810, '1996-05-15', '1997-05-15'),
(10127, 55610, '1997-05-15', '1998-05-15'),
(10127, 57436, '1998-05-15', '1999-05-15'),
(10127, 61146, '1999-05-15', '2000-05-14'),
(10127, 61697, '2000-05-14', '2001-05-14'),
(10127, 63137, '2001-05-14', '2002-05-14'),
(10127, 63100, '2002-05-14', '9999-01-01'),
(10128, 40000, '1988-06-06', '1989-06-06'),
(10128, 40741, '1989-06-06', '1990-06-06'),
(10128, 42211, '1990-06-06', '1991-06-06'),
(10128, 42503, '1991-06-06', '1992-06-05'),
(10128, 42476, '1992-06-05', '1993-06-05'),
(10128, 44527, '1993-06-05', '1994-06-05'),
(10128, 44220, '1994-06-05', '1995-06-05'),
(10128, 45522, '1995-06-05', '1996-06-04'),
(10128, 46326, '1996-06-04', '1997-06-04'),
(10128, 49505, '1997-06-04', '1998-06-04'),
(10128, 53820, '1998-06-04', '1999-06-04'),
(10128, 58140, '1999-06-04', '2000-06-03'),
(10128, 60631, '2000-06-03', '2001-06-03'),
(10128, 64577, '2001-06-03', '2002-06-03'),
(10128, 67619, '2002-06-03', '9999-01-01'),
(10129, 40000, '1996-01-16', '1997-01-15'),
(10129, 43275, '1997-01-15', '1998-01-15'),
(10129, 46132, '1998-01-15', '1999-01-15'),
(10129, 48565, '1999-01-15', '2000-01-15'),
(10129, 52228, '2000-01-15', '2001-01-14'),
(10129, 53321, '2001-01-14', '2002-01-14'),
(10129, 56667, '2002-01-14', '9999-01-01'),
(10130, 40000, '1988-06-21', '1989-06-21'),
(10130, 40790, '1989-06-21', '1990-06-21'),
(10130, 43665, '1990-06-21', '1991-06-21'),
(10130, 47212, '1991-06-21', '1992-06-20'),
(10130, 47907, '1992-06-20', '1993-06-20'),
(10130, 50091, '1993-06-20', '1994-06-20'),
(10130, 51865, '1994-06-20', '1995-06-20'),
(10130, 53684, '1995-06-20', '1996-06-19'),
(10130, 57038, '1996-06-19', '1997-06-19'),
(10130, 57025, '1997-06-19', '1998-06-19'),
(10130, 61107, '1998-06-19', '1999-06-19'),
(10130, 63920, '1999-06-19', '2000-06-18'),
(10130, 67898, '2000-06-18', '2001-06-18'),
(10130, 71427, '2001-06-18', '2002-06-18'),
(10130, 73881, '2002-06-18', '9999-01-01'),
(10131, 48475, '1999-09-17', '1999-12-06'),
(10132, 61590, '1997-06-18', '1998-06-18'),
(10132, 61243, '1998-06-18', '1999-06-18'),
(10132, 63083, '1999-06-18', '2000-06-17'),
(10132, 67405, '2000-06-17', '2001-06-17'),
(10132, 67675, '2001-06-17', '2002-06-17'),
(10132, 69587, '2002-06-17', '9999-01-01'),
(10133, 40000, '1985-12-15', '1986-12-15'),
(10133, 41709, '1986-12-15', '1987-12-15'),
(10133, 44459, '1987-12-15', '1988-12-14'),
(10133, 45366, '1988-12-14', '1989-12-14'),
(10133, 46617, '1989-12-14', '1990-12-14'),
(10133, 50257, '1990-12-14', '1991-12-14'),
(10133, 52802, '1991-12-14', '1992-12-13'),
(10133, 56660, '1992-12-13', '1993-12-13'),
(10133, 59819, '1993-12-13', '1994-12-13'),
(10133, 60871, '1994-12-13', '1995-12-13'),
(10133, 65175, '1995-12-13', '1996-12-12'),
(10133, 67143, '1996-12-12', '1997-12-12'),
(10133, 71526, '1997-12-12', '1998-12-12'),
(10133, 74255, '1998-12-12', '1999-12-12'),
(10133, 78736, '1999-12-12', '2000-12-11'),
(10133, 80478, '2000-12-11', '2001-12-11'),
(10133, 83921, '2001-12-11', '9999-01-01'),
(10134, 40000, '1987-12-12', '1988-12-11'),
(10134, 42640, '1988-12-11', '1989-12-11'),
(10134, 45577, '1989-12-11', '1990-12-11'),
(10134, 49482, '1990-12-11', '1991-12-11'),
(10134, 52863, '1991-12-11', '1992-12-10'),
(10134, 52846, '1992-12-10', '1993-12-10'),
(10134, 53062, '1993-12-10', '1994-12-10'),
(10134, 57420, '1994-12-10', '1995-12-10'),
(10134, 58923, '1995-12-10', '1996-12-09'),
(10134, 59416, '1996-12-09', '1997-12-09'),
(10134, 59546, '1997-12-09', '1998-12-09'),
(10134, 60810, '1998-12-09', '1999-12-09'),
(10134, 61202, '1999-12-09', '2000-12-08'),
(10134, 65050, '2000-12-08', '2001-12-08'),
(10134, 69194, '2001-12-08', '9999-01-01'),
(10135, 40000, '1990-01-04', '1991-01-04'),
(10135, 42228, '1991-01-04', '1992-01-04'),
(10135, 45196, '1992-01-04', '1993-01-03'),
(10135, 46142, '1993-01-03', '1994-01-03'),
(10135, 47418, '1994-01-03', '1995-01-03'),
(10135, 48875, '1995-01-03', '1996-01-03'),
(10135, 50533, '1996-01-03', '1997-01-02'),
(10135, 54478, '1997-01-02', '1998-01-02'),
(10135, 55430, '1998-01-02', '1999-01-02'),
(10135, 55759, '1999-01-02', '2000-01-02'),
(10135, 58779, '2000-01-02', '2001-01-01'),
(10135, 60012, '2001-01-01', '2002-01-01'),
(10135, 61301, '2002-01-01', '9999-01-01'),
(10136, 82420, '1988-06-13', '1989-06-13'),
(10136, 83463, '1989-06-13', '1990-06-13'),
(10136, 87813, '1990-06-13', '1991-06-13'),
(10136, 91673, '1991-06-13', '1992-06-12'),
(10136, 93495, '1992-06-12', '1993-06-12'),
(10136, 95343, '1993-06-12', '1994-06-12'),
(10136, 98154, '1994-06-12', '1995-06-12'),
(10136, 97779, '1995-06-12', '1996-06-11'),
(10136, 100320, '1996-06-11', '1997-06-11'),
(10136, 104248, '1997-06-11', '1998-06-11'),
(10136, 104909, '1998-06-11', '1999-06-11'),
(10136, 105565, '1999-06-11', '1999-09-20'),
(10137, 40000, '1985-02-18', '1986-02-18'),
(10137, 40414, '1986-02-18', '1987-02-18'),
(10137, 44587, '1987-02-18', '1988-02-18'),
(10137, 46573, '1988-02-18', '1989-02-17'),
(10137, 46837, '1989-02-17', '1990-02-17'),
(10137, 47168, '1990-02-17', '1991-02-17'),
(10137, 47080, '1991-02-17', '1992-02-17'),
(10137, 49241, '1992-02-17', '1993-02-16'),
(10137, 49119, '1993-02-16', '1994-02-16'),
(10137, 53536, '1994-02-16', '1995-02-16'),
(10137, 54729, '1995-02-16', '1996-02-16'),
(10137, 55661, '1996-02-16', '1997-02-15'),
(10137, 57738, '1997-02-15', '1998-02-15'),
(10137, 60034, '1998-02-15', '1999-02-15'),
(10137, 63362, '1999-02-15', '2000-02-15'),
(10137, 67007, '2000-02-15', '2001-02-14'),
(10137, 68061, '2001-02-14', '2002-02-14'),
(10137, 67794, '2002-02-14', '9999-01-01'),
(10138, 53574, '1992-03-03', '1993-03-03'),
(10138, 55822, '1993-03-03', '1994-03-03'),
(10138, 58424, '1994-03-03', '1995-03-03'),
(10138, 60862, '1995-03-03', '1996-03-02'),
(10138, 65302, '1996-03-02', '1997-03-02'),
(10138, 67990, '1997-03-02', '1998-03-02'),
(10138, 69969, '1998-03-02', '1999-03-02'),
(10138, 69941, '1999-03-02', '2000-03-01'),
(10138, 70533, '2000-03-01', '2001-03-01'),
(10138, 74825, '2001-03-01', '2002-03-01'),
(10138, 74875, '2002-03-01', '9999-01-01'),
(10139, 40000, '1998-03-15', '1999-03-15'),
(10139, 42450, '1999-03-15', '2000-03-14'),
(10139, 45161, '2000-03-14', '2001-03-14'),
(10139, 48746, '2001-03-14', '2002-03-14'),
(10139, 50398, '2002-03-14', '9999-01-01'),
(10140, 61352, '1991-03-14', '1992-03-13'),
(10140, 61609, '1992-03-13', '1993-03-13'),
(10140, 61751, '1993-03-13', '1994-03-13'),
(10140, 61874, '1994-03-13', '1995-03-13'),
(10140, 63892, '1995-03-13', '1996-03-12'),
(10140, 65891, '1996-03-12', '1997-03-12'),
(10140, 66204, '1997-03-12', '1998-03-12'),
(10140, 69470, '1998-03-12', '1999-03-12'),
(10140, 69527, '1999-03-12', '2000-03-11'),
(10140, 72539, '2000-03-11', '2001-03-11'),
(10140, 74856, '2001-03-11', '2002-03-11'),
(10140, 76604, '2002-03-11', '9999-01-01'),
(10141, 62907, '1998-07-23', '1999-07-23'),
(10141, 63112, '1999-07-23', '2000-07-22'),
(10141, 67095, '2000-07-22', '2001-07-22'),
(10141, 69238, '2001-07-22', '2002-07-22'),
(10141, 70861, '2002-07-22', '9999-01-01'),
(10142, 40000, '1993-10-28', '1994-10-28'),
(10142, 41712, '1994-10-28', '1995-10-28'),
(10142, 41244, '1995-10-28', '1996-10-27'),
(10142, 43280, '1996-10-27', '1997-10-26'),
(10142, 47508, '1997-10-26', '1998-10-26'),
(10142, 50581, '1998-10-26', '1999-10-27'),
(10142, 53927, '1999-10-27', '2000-10-26'),
(10142, 58003, '2000-10-26', '2001-10-26'),
(10142, 57530, '2001-10-26', '9999-01-01'),
(10143, 40000, '1988-09-30', '1989-09-30'),
(10143, 41922, '1989-09-30', '1990-09-30'),
(10143, 45316, '1990-09-30', '1991-09-30'),
(10143, 47353, '1991-09-30', '1992-09-29'),
(10143, 48911, '1992-09-29', '1993-09-29'),
(10143, 51207, '1993-09-29', '1994-09-29'),
(10143, 54032, '1994-09-29', '1995-09-29'),
(10143, 55019, '1995-09-29', '1996-09-28'),
(10143, 56753, '1996-09-28', '1997-09-28'),
(10143, 58378, '1997-09-28', '1998-09-28'),
(10143, 62765, '1998-09-28', '1999-09-28'),
(10143, 63657, '1999-09-28', '2000-09-27'),
(10143, 66113, '2000-09-27', '2001-09-27'),
(10143, 70351, '2001-09-27', '9999-01-01'),
(10144, 56720, '1985-10-14', '1986-10-14'),
(10144, 60264, '1986-10-14', '1987-10-14'),
(10144, 63968, '1987-10-14', '1988-10-13'),
(10144, 66772, '1988-10-13', '1989-10-13'),
(10144, 68160, '1989-10-13', '1990-10-13'),
(10144, 71280, '1990-10-13', '1991-10-13'),
(10144, 74279, '1991-10-13', '1992-10-12'),
(10144, 74378, '1992-10-12', '1993-08-10'),
(10145, 47612, '1999-11-03', '2000-11-02'),
(10145, 47662, '2000-11-02', '2001-11-02'),
(10145, 47519, '2001-11-02', '9999-01-01'),
(10146, 60394, '1988-06-28', '1989-06-28'),
(10146, 61700, '1989-06-28', '1990-06-28'),
(10146, 62454, '1990-06-28', '1990-09-07'),
(10147, 40000, '1987-12-18', '1988-12-17'),
(10147, 43824, '1988-12-17', '1989-12-17'),
(10147, 45091, '1989-12-17', '1990-12-17'),
(10147, 47705, '1990-12-17', '1991-12-17'),
(10147, 48879, '1991-12-17', '1992-12-16'),
(10147, 53142, '1992-12-16', '1993-12-16'),
(10147, 57215, '1993-12-16', '1994-12-16'),
(10147, 58680, '1994-12-16', '1995-12-16'),
(10147, 63073, '1995-12-16', '1996-12-15'),
(10147, 62965, '1996-12-15', '1997-12-15'),
(10147, 66714, '1997-12-15', '1998-12-15'),
(10147, 66929, '1998-12-15', '1999-12-15'),
(10147, 67728, '1999-12-15', '2000-12-14'),
(10147, 70705, '2000-12-14', '2001-12-14'),
(10147, 73690, '2001-12-14', '9999-01-01'),
(10148, 63021, '1996-07-15', '1997-07-15'),
(10148, 65739, '1997-07-15', '1998-07-15'),
(10148, 67283, '1998-07-15', '1999-07-15'),
(10148, 68106, '1999-07-15', '2000-07-14'),
(10148, 68483, '2000-07-14', '2001-07-14'),
(10148, 69231, '2001-07-14', '2002-07-14'),
(10148, 70400, '2002-07-14', '9999-01-01'),
(10149, 88740, '1994-01-28', '1995-01-28'),
(10149, 92773, '1995-01-28', '1996-01-28'),
(10149, 97077, '1996-01-28', '1996-08-27'),
(10150, 70122, '1986-11-16', '1987-11-16'),
(10150, 74014, '1987-11-16', '1988-11-15'),
(10150, 75633, '1988-11-15', '1989-11-15'),
(10150, 79310, '1989-11-15', '1990-11-15'),
(10150, 80009, '1990-11-15', '1991-11-15'),
(10150, 79579, '1991-11-15', '1992-11-14'),
(10150, 82561, '1992-11-14', '1993-11-14'),
(10150, 85318, '1993-11-14', '1994-11-14'),
(10150, 87755, '1994-11-14', '1995-11-14'),
(10150, 89817, '1995-11-14', '1996-11-13'),
(10150, 92075, '1996-11-13', '1997-11-13'),
(10150, 91816, '1997-11-13', '1998-11-13'),
(10150, 93921, '1998-11-13', '1999-11-13'),
(10150, 97030, '1999-11-13', '2000-11-12'),
(10150, 97042, '2000-11-12', '2001-11-12'),
(10150, 100182, '2001-11-12', '9999-01-01'),
(10151, 90741, '1992-12-12', '1993-12-12'),
(10151, 94967, '1993-12-12', '1994-12-12'),
(10151, 96726, '1994-12-12', '1995-12-12'),
(10151, 97680, '1995-12-12', '1996-12-11'),
(10151, 98971, '1996-12-11', '1997-12-11'),
(10151, 101395, '1997-12-11', '1998-12-11'),
(10151, 103978, '1998-12-11', '1999-12-11'),
(10151, 107356, '1999-12-11', '2000-12-10'),
(10151, 107956, '2000-12-10', '2001-12-10'),
(10151, 109501, '2001-12-10', '9999-01-01'),
(10152, 40000, '1986-01-27', '1987-01-27'),
(10152, 44322, '1987-01-27', '1987-08-03'),
(10153, 54246, '2000-01-08', '2001-01-07'),
(10153, 58178, '2001-01-07', '2002-01-07'),
(10153, 61594, '2002-01-07', '9999-01-01'),
(10154, 40000, '1996-10-23', '1997-10-23'),
(10154, 39564, '1997-10-23', '1998-10-23'),
(10154, 39855, '1998-10-23', '1999-10-23'),
(10154, 43213, '1999-10-23', '2000-10-22'),
(10154, 46853, '2000-10-22', '2001-10-22'),
(10154, 50766, '2001-10-22', '9999-01-01'),
(10155, 40040, '1990-01-05', '1991-01-05'),
(10155, 42629, '1991-01-05', '1992-01-05'),
(10155, 43306, '1992-01-05', '1993-01-04'),
(10155, 47237, '1993-01-04', '1994-01-04'),
(10155, 49185, '1994-01-04', '1995-01-04'),
(10155, 53486, '1995-01-04', '1996-01-04'),
(10155, 56313, '1996-01-04', '1997-01-03'),
(10155, 59372, '1997-01-03', '1998-01-03'),
(10155, 59875, '1998-01-03', '1999-01-03'),
(10155, 62215, '1999-01-03', '2000-01-03'),
(10155, 66074, '2000-01-03', '2001-01-02'),
(10155, 66666, '2001-01-02', '2002-01-02'),
(10155, 66419, '2002-01-02', '9999-01-01'),
(10156, 49879, '1993-05-14', '1994-05-14'),
(10156, 53456, '1994-05-14', '1995-05-14'),
(10156, 56114, '1995-05-14', '1996-05-13'),
(10156, 59660, '1996-05-13', '1997-05-13'),
(10156, 61867, '1997-05-13', '1998-05-13'),
(10156, 65045, '1998-05-13', '1999-05-13'),
(10156, 65641, '1999-05-13', '2000-05-12'),
(10156, 66750, '2000-05-12', '2001-05-12'),
(10156, 70015, '2001-05-12', '2002-05-12'),
(10156, 71859, '2002-05-12', '9999-01-01'),
(10157, 48770, '1997-12-10', '1998-12-10'),
(10157, 49415, '1998-12-10', '1999-12-10'),
(10157, 53212, '1999-12-10', '2000-12-09'),
(10157, 53841, '2000-12-09', '2001-12-09'),
(10157, 56615, '2001-12-09', '9999-01-01'),
(10158, 40725, '1987-06-04', '1988-06-03'),
(10158, 42990, '1988-06-03', '1989-06-03'),
(10158, 45686, '1989-06-03', '1990-06-03'),
(10158, 46501, '1990-06-03', '1991-06-03'),
(10158, 46246, '1991-06-03', '1992-06-02'),
(10158, 48060, '1992-06-02', '1993-06-02'),
(10158, 50560, '1993-06-02', '1994-06-02'),
(10158, 52733, '1994-06-02', '1995-06-02'),
(10158, 52368, '1995-06-02', '1996-06-01'),
(10158, 53683, '1996-06-01', '1997-06-01'),
(10158, 57837, '1997-06-01', '1998-06-01'),
(10158, 57940, '1998-06-01', '1999-06-01'),
(10158, 59034, '1999-06-01', '2000-05-31'),
(10158, 63205, '2000-05-31', '2001-05-31'),
(10158, 67016, '2001-05-31', '2002-05-31'),
(10158, 68624, '2002-05-31', '9999-01-01'),
(10159, 52881, '1996-06-12', '1997-06-12'),
(10159, 53728, '1997-06-12', '1998-06-12'),
(10159, 53523, '1998-06-12', '1999-06-12'),
(10159, 53220, '1999-06-12', '2000-06-11'),
(10159, 56144, '2000-06-11', '2001-06-11'),
(10159, 56409, '2001-06-11', '2002-06-11'),
(10159, 56651, '2002-06-11', '9999-01-01'),
(10160, 91622, '1993-12-06', '1994-12-06'),
(10160, 93797, '1994-12-06', '1995-12-06'),
(10160, 94557, '1995-12-06', '1996-12-05'),
(10160, 97003, '1996-12-05', '1997-12-05'),
(10160, 97554, '1997-12-05', '1998-12-05'),
(10160, 97605, '1998-12-05', '1999-12-05'),
(10160, 97152, '1999-12-05', '2000-12-04'),
(10160, 101181, '2000-12-04', '2001-12-04'),
(10160, 102165, '2001-12-04', '9999-01-01'),
(10161, 43149, '1991-06-09', '1992-06-08'),
(10161, 45768, '1992-06-08', '1993-06-08'),
(10161, 49990, '1993-06-08', '1994-01-05'),
(10162, 40000, '1998-05-27', '1999-05-27'),
(10162, 41354, '1999-05-27', '2000-05-26'),
(10162, 44647, '2000-05-26', '2001-05-26'),
(10162, 47180, '2001-05-26', '2002-05-26'),
(10162, 47464, '2002-05-26', '9999-01-01'),
(10163, 41603, '1992-02-02', '1993-02-01'),
(10163, 43992, '1993-02-01', '1994-02-01'),
(10163, 43868, '1994-02-01', '1995-02-01'),
(10163, 47736, '1995-02-01', '1996-02-01'),
(10163, 47961, '1996-02-01', '1997-01-31'),
(10163, 52018, '1997-01-31', '1998-01-31'),
(10163, 56022, '1998-01-31', '1999-01-31'),
(10163, 59126, '1999-01-31', '2000-01-31'),
(10163, 62151, '2000-01-31', '2001-01-30'),
(10163, 66351, '2001-01-30', '2002-01-30'),
(10163, 67661, '2002-01-30', '9999-01-01'),
(10164, 52043, '1990-10-19', '1991-10-19'),
(10164, 54942, '1991-10-19', '1992-10-18'),
(10164, 56015, '1992-10-18', '1993-10-18'),
(10164, 59456, '1993-10-18', '1994-10-18'),
(10164, 61836, '1994-10-18', '1995-10-18'),
(10164, 61482, '1995-10-18', '1996-10-17'),
(10164, 63211, '1996-10-17', '1997-10-17'),
(10164, 62854, '1997-10-17', '1998-10-17'),
(10164, 66438, '1998-10-17', '1999-10-17'),
(10164, 67246, '1999-10-17', '2000-10-16'),
(10164, 71024, '2000-10-16', '2001-10-16'),
(10164, 72497, '2001-10-16', '9999-01-01'),
(10165, 43991, '1988-05-17', '1989-05-17'),
(10165, 47267, '1989-05-17', '1990-05-17'),
(10165, 49202, '1990-05-17', '1991-05-17'),
(10165, 51373, '1991-05-17', '1992-05-16'),
(10165, 54221, '1992-05-16', '1993-05-16'),
(10165, 57310, '1993-05-16', '1994-05-16'),
(10165, 58393, '1994-05-16', '1995-05-16'),
(10165, 61183, '1995-05-16', '1996-05-15'),
(10165, 62834, '1996-05-15', '1997-05-15'),
(10165, 67179, '1997-05-15', '1998-05-15'),
(10165, 67249, '1998-05-15', '1999-05-15'),
(10165, 69698, '1999-05-15', '2000-05-14'),
(10165, 73902, '2000-05-14', '2001-05-14'),
(10165, 76427, '2001-05-14', '2002-05-14'),
(10165, 79095, '2002-05-14', '9999-01-01'),
(10166, 51586, '1996-09-02', '1997-09-02'),
(10166, 54561, '1997-09-02', '1998-09-02'),
(10166, 55944, '1998-09-02', '1999-09-02'),
(10166, 59291, '1999-09-02', '2000-09-01'),
(10166, 63605, '2000-09-01', '2001-09-01'),
(10166, 65632, '2001-09-01', '9999-01-01'),
(10167, 56990, '1992-04-04', '1993-04-04'),
(10167, 60169, '1993-04-04', '1994-04-04'),
(10167, 62394, '1994-04-04', '1995-04-04'),
(10167, 63807, '1995-04-04', '1996-04-03'),
(10167, 66033, '1996-04-03', '1997-04-03'),
(10167, 66781, '1997-04-03', '1998-04-03'),
(10167, 66602, '1998-04-03', '1999-04-03'),
(10167, 67226, '1999-04-03', '2000-04-02'),
(10167, 71550, '2000-04-02', '2001-04-02'),
(10167, 75230, '2001-04-02', '2002-04-02'),
(10167, 75147, '2002-04-02', '9999-01-01'),
(10168, 51818, '1986-12-06', '1987-12-06'),
(10168, 51606, '1987-12-06', '1988-12-05'),
(10168, 55955, '1988-12-05', '1989-12-05'),
(10168, 56250, '1989-12-05', '1990-12-05'),
(10168, 58336, '1990-12-05', '1991-12-05'),
(10168, 60659, '1991-12-05', '1992-12-04'),
(10168, 64790, '1992-12-04', '1993-12-04'),
(10168, 65060, '1993-12-04', '1994-12-04'),
(10168, 65570, '1994-12-04', '1995-12-04'),
(10168, 66528, '1995-12-04', '1996-12-03'),
(10168, 70670, '1996-12-03', '1997-12-03'),
(10168, 72472, '1997-12-03', '1998-12-03'),
(10168, 74245, '1998-12-03', '1999-12-03'),
(10168, 73920, '1999-12-03', '2000-12-02'),
(10168, 76290, '2000-12-02', '2001-12-02'),
(10168, 76070, '2001-12-02', '9999-01-01'),
(10169, 70303, '1998-06-28', '1999-06-28'),
(10169, 74040, '1999-06-28', '2000-06-27'),
(10169, 73639, '2000-06-27', '2001-06-27'),
(10169, 76412, '2001-06-27', '2002-06-27'),
(10169, 78611, '2002-06-27', '9999-01-01'),
(10170, 47183, '1986-01-02', '1987-01-02'),
(10170, 51521, '1987-01-02', '1988-01-02'),
(10170, 51868, '1988-01-02', '1989-01-01'),
(10170, 53825, '1989-01-01', '1989-02-06'),
(10171, 41311, '1996-08-05', '1997-08-05'),
(10171, 45435, '1997-08-05', '1998-08-05'),
(10171, 49163, '1998-08-05', '1999-08-05'),
(10171, 52231, '1999-08-05', '2000-08-04'),
(10171, 55117, '2000-08-04', '2001-08-04'),
(10171, 57160, '2001-08-04', '9999-01-01'),
(10172, 41197, '1998-02-04', '1999-02-04'),
(10172, 41482, '1999-02-04', '2000-02-04'),
(10172, 41468, '2000-02-04', '2001-02-03'),
(10172, 41272, '2001-02-03', '2002-02-03'),
(10172, 42646, '2002-02-03', '9999-01-01'),
(10173, 85757, '1992-03-21', '1993-03-21'),
(10173, 86612, '1993-03-21', '1994-03-21'),
(10173, 89372, '1994-03-21', '1995-03-21'),
(10173, 93438, '1995-03-21', '1996-03-20'),
(10173, 94686, '1996-03-20', '1997-03-20'),
(10173, 97719, '1997-03-20', '1998-03-20'),
(10173, 101127, '1998-03-20', '1999-03-20'),
(10173, 102345, '1999-03-20', '2000-03-19'),
(10173, 105719, '2000-03-19', '2001-03-19'),
(10173, 108148, '2001-03-19', '2002-03-19'),
(10173, 109964, '2002-03-19', '9999-01-01'),
(10174, 59520, '1987-06-01', '1988-05-31'),
(10174, 60067, '1988-05-31', '1989-05-31'),
(10174, 61059, '1989-05-31', '1990-05-31'),
(10174, 61702, '1990-05-31', '1991-05-31'),
(10174, 64846, '1991-05-31', '1992-05-30'),
(10174, 69062, '1992-05-30', '1993-05-30'),
(10174, 73527, '1993-05-30', '1994-05-30'),
(10174, 73604, '1994-05-30', '1995-05-30'),
(10174, 75100, '1995-05-30', '1996-05-29'),
(10174, 79437, '1996-05-29', '1997-05-29'),
(10174, 81394, '1997-05-29', '1998-05-29'),
(10174, 81262, '1998-05-29', '1999-05-29'),
(10174, 84576, '1999-05-29', '2000-05-28'),
(10174, 87113, '2000-05-28', '2001-05-28'),
(10174, 89233, '2001-05-28', '2002-05-28'),
(10174, 92117, '2002-05-28', '9999-01-01'),
(10175, 72285, '1988-09-24', '1989-09-24'),
(10175, 72152, '1989-09-24', '1990-09-24'),
(10175, 75263, '1990-09-24', '1991-09-24'),
(10175, 75622, '1991-09-24', '1992-09-23'),
(10175, 77844, '1992-09-23', '1993-09-23'),
(10175, 80922, '1993-09-23', '1994-09-23'),
(10175, 83277, '1994-09-23', '1995-05-24'),
(10176, 54635, '1994-12-22', '1995-12-22'),
(10176, 56163, '1995-12-22', '1996-12-21'),
(10176, 57791, '1996-12-21', '1997-12-21'),
(10176, 60439, '1997-12-21', '1998-12-21'),
(10176, 64005, '1998-12-21', '1999-12-21'),
(10176, 68423, '1999-12-21', '2000-12-20'),
(10176, 71454, '2000-12-20', '2001-12-20'),
(10176, 71610, '2001-12-20', '9999-01-01'),
(10177, 48041, '1993-02-06', '1994-02-06'),
(10177, 52019, '1994-02-06', '1994-03-17'),
(10178, 50568, '1994-03-21', '1995-03-21'),
(10178, 52998, '1995-03-21', '1996-03-20'),
(10178, 53704, '1996-03-20', '1997-03-20'),
(10178, 56030, '1997-03-20', '1998-03-20'),
(10178, 58125, '1998-03-20', '1999-03-20'),
(10178, 58329, '1999-03-20', '2000-03-19'),
(10178, 59004, '2000-03-19', '2001-03-19'),
(10178, 60151, '2001-03-19', '2002-03-19'),
(10178, 61185, '2002-03-19', '9999-01-01'),
(10179, 40000, '2000-01-25', '2001-01-24'),
(10179, 42773, '2001-01-24', '2002-01-24'),
(10179, 43325, '2002-01-24', '9999-01-01'),
(10180, 52444, '1994-07-01', '1995-07-01'),
(10180, 55372, '1995-07-01', '1996-06-30'),
(10180, 56301, '1996-06-30', '1997-06-30'),
(10180, 58341, '1997-06-30', '1998-06-30'),
(10180, 62815, '1998-06-30', '1999-06-30'),
(10180, 64447, '1999-06-30', '2000-06-29'),
(10180, 65388, '2000-06-29', '2001-06-29'),
(10180, 65350, '2001-06-29', '2002-06-29'),
(10180, 65015, '2002-06-29', '9999-01-01'),
(10181, 40000, '1988-06-22', '1989-06-22'),
(10181, 44027, '1989-06-22', '1990-06-22'),
(10181, 48204, '1990-06-22', '1991-06-22'),
(10181, 52079, '1991-06-22', '1992-06-21'),
(10181, 53001, '1992-06-21', '1993-06-21'),
(10181, 53320, '1993-06-21', '1994-06-21'),
(10181, 54962, '1994-06-21', '1995-06-21'),
(10181, 56742, '1995-06-21', '1996-06-20'),
(10181, 58288, '1996-06-20', '1997-06-20'),
(10181, 62171, '1997-06-20', '1998-06-20'),
(10181, 66519, '1998-06-20', '1999-06-20'),
(10181, 70829, '1999-06-20', '2000-06-19'),
(10181, 75071, '2000-06-19', '2001-06-19'),
(10181, 77764, '2001-06-19', '2002-06-19'),
(10181, 78684, '2002-06-19', '9999-01-01'),
(10182, 40380, '1990-09-02', '1991-09-02'),
(10182, 40631, '1991-09-02', '1992-09-01'),
(10182, 43788, '1992-09-01', '1993-09-01'),
(10182, 46582, '1993-09-01', '1994-09-01'),
(10182, 47893, '1994-09-01', '1995-09-01'),
(10182, 52104, '1995-09-01', '1996-08-31'),
(10182, 55544, '1996-08-31', '1997-08-31'),
(10182, 56473, '1997-08-31', '1998-08-31'),
(10182, 57243, '1998-08-31', '1999-08-31'),
(10182, 60280, '1999-08-31', '2000-08-30'),
(10182, 62988, '2000-08-30', '2001-08-30'),
(10182, 67049, '2001-08-30', '9999-01-01'),
(10183, 40000, '1996-08-11', '1997-08-11'),
(10183, 41791, '1997-08-11', '1998-08-11'),
(10183, 43856, '1998-08-11', '1999-08-11'),
(10183, 48205, '1999-08-11', '2000-08-10'),
(10183, 51247, '2000-08-10', '2001-08-10'),
(10183, 51873, '2001-08-10', '9999-01-01'),
(10184, 48586, '1997-12-26', '1998-12-26'),
(10184, 51710, '1998-12-26', '1999-12-26'),
(10184, 52576, '1999-12-26', '2000-12-25'),
(10184, 53720, '2000-12-25', '2001-12-25'),
(10184, 57547, '2001-12-25', '9999-01-01'),
(10185, 68334, '1986-03-01', '1987-03-01'),
(10185, 71856, '1987-03-01', '1988-02-29'),
(10185, 73202, '1988-02-29', '1989-02-28'),
(10185, 73722, '1989-02-28', '1990-02-28'),
(10185, 78178, '1990-02-28', '1991-02-28'),
(10185, 82057, '1991-02-28', '1992-02-28'),
(10185, 82782, '1992-02-28', '1993-02-27'),
(10185, 83673, '1993-02-27', '1994-02-27'),
(10185, 85484, '1994-02-27', '1995-02-27'),
(10185, 88277, '1995-02-27', '1996-02-27'),
(10185, 87982, '1996-02-27', '1997-02-26'),
(10185, 87921, '1997-02-26', '1998-02-26'),
(10185, 90895, '1998-02-26', '1999-02-26'),
(10185, 93669, '1999-02-26', '2000-02-26'),
(10185, 96763, '2000-02-26', '2001-02-25'),
(10185, 100722, '2001-02-25', '2002-02-25'),
(10185, 104747, '2002-02-25', '9999-01-01'),
(10186, 40000, '1996-12-25', '1997-08-16'),
(10187, 71454, '1991-06-01', '1992-05-31'),
(10187, 71280, '1992-05-31', '1993-05-31'),
(10187, 72078, '1993-05-31', '1994-05-31'),
(10187, 72343, '1994-05-31', '1995-05-31'),
(10187, 75878, '1995-05-31', '1996-05-30'),
(10187, 79187, '1996-05-30', '1997-05-30'),
(10187, 79161, '1997-05-30', '1998-05-30'),
(10187, 78925, '1998-05-30', '1999-05-30'),
(10187, 79735, '1999-05-30', '2000-05-29'),
(10187, 83182, '2000-05-29', '2001-05-29'),
(10187, 86778, '2001-05-29', '2002-05-29'),
(10187, 90645, '2002-05-29', '9999-01-01'),
(10188, 62365, '1987-08-27', '1988-08-26'),
(10188, 63789, '1988-08-26', '1989-08-26'),
(10188, 64757, '1989-08-26', '1990-08-26'),
(10188, 65021, '1990-08-26', '1991-08-26'),
(10188, 64630, '1991-08-26', '1992-08-25'),
(10188, 67384, '1992-08-25', '1993-08-25'),
(10188, 69253, '1993-08-25', '1994-08-25'),
(10188, 71433, '1994-08-25', '1995-08-25'),
(10188, 71899, '1995-08-25', '1996-08-24'),
(10188, 74510, '1996-08-24', '1997-08-24'),
(10188, 74731, '1997-08-24', '1998-08-24'),
(10188, 77791, '1998-08-24', '1999-08-24'),
(10188, 80614, '1999-08-24', '2000-08-23'),
(10188, 80174, '2000-08-23', '2001-08-23'),
(10188, 83455, '2001-08-23', '9999-01-01'),
(10189, 41222, '1992-09-13', '1993-06-29'),
(10190, 40000, '1986-06-23', '1987-06-23'),
(10190, 40213, '1987-06-23', '1988-06-22'),
(10190, 44713, '1988-06-22', '1989-06-22'),
(10190, 48914, '1989-06-22', '1990-06-22'),
(10190, 49818, '1990-06-22', '1991-06-22'),
(10190, 49930, '1991-06-22', '1992-06-21'),
(10190, 51965, '1992-06-21', '1993-06-21'),
(10190, 53444, '1993-06-21', '1994-06-21'),
(10190, 53845, '1994-06-21', '1995-06-21'),
(10190, 53441, '1995-06-21', '1996-06-20'),
(10190, 56091, '1996-06-20', '1997-06-20'),
(10190, 56224, '1997-06-20', '1998-06-20'),
(10190, 59739, '1998-06-20', '1999-06-20'),
(10190, 60010, '1999-06-20', '2000-06-19'),
(10190, 59971, '2000-06-19', '2001-06-19'),
(10190, 61420, '2001-06-19', '2002-06-19'),
(10190, 65625, '2002-06-19', '9999-01-01'),
(10191, 40000, '1986-04-10', '1987-04-10'),
(10191, 41732, '1987-04-10', '1988-04-09'),
(10191, 41260, '1988-04-09', '1989-04-09'),
(10191, 42125, '1989-04-09', '1990-04-09'),
(10191, 46340, '1990-04-09', '1991-04-09'),
(10191, 46371, '1991-04-09', '1992-04-08'),
(10191, 47656, '1992-04-08', '1993-04-08'),
(10191, 49997, '1993-04-08', '1994-04-08'),
(10191, 53232, '1994-04-08', '1995-04-08'),
(10191, 54393, '1995-04-08', '1996-04-06'),
(10191, 55125, '1996-04-06', '1997-04-07'),
(10191, 57217, '1997-04-07', '1998-04-07'),
(10191, 58830, '1998-04-07', '1999-04-07'),
(10191, 59287, '1999-04-07', '2000-04-06'),
(10191, 58817, '2000-04-06', '2001-04-06'),
(10191, 58781, '2001-04-06', '2002-04-05'),
(10191, 59946, '2002-04-05', '9999-01-01'),
(10192, 40000, '1988-06-13', '1989-06-13'),
(10192, 42446, '1989-06-13', '1990-06-13'),
(10192, 46246, '1990-06-13', '1991-06-13'),
(10192, 49995, '1991-06-13', '1992-06-12'),
(10192, 53604, '1992-06-12', '1993-06-12'),
(10192, 55725, '1993-06-12', '1994-06-12'),
(10192, 55735, '1994-06-12', '1995-06-12'),
(10192, 59432, '1995-06-12', '1996-06-11'),
(10192, 60999, '1996-06-11', '1997-06-11'),
(10192, 63600, '1997-06-11', '1998-06-11'),
(10192, 67363, '1998-06-11', '1999-06-11'),
(10192, 69189, '1999-06-11', '2000-06-10'),
(10192, 73048, '2000-06-10', '2001-06-10'),
(10192, 73898, '2001-06-10', '2002-06-10'),
(10192, 75141, '2002-06-10', '9999-01-01'),
(10193, 48733, '1996-09-21', '1997-09-21'),
(10193, 51659, '1997-09-21', '1998-09-21'),
(10193, 51687, '1998-09-21', '1999-09-21'),
(10193, 54132, '1999-09-21', '2000-09-20'),
(10193, 55436, '2000-09-20', '2001-09-20'),
(10193, 57200, '2001-09-20', '9999-01-01'),
(10194, 64941, '1997-02-14', '1998-02-14'),
(10194, 68603, '1998-02-14', '1999-02-14'),
(10194, 71992, '1999-02-14', '2000-02-14'),
(10194, 75410, '2000-02-14', '2001-02-13'),
(10194, 79065, '2001-02-13', '2002-02-13'),
(10194, 79131, '2002-02-13', '9999-01-01'),
(10195, 40000, '1985-02-15', '1986-02-15'),
(10195, 41640, '1986-02-15', '1987-02-15'),
(10195, 44407, '1987-02-15', '1988-02-15'),
(10195, 47852, '1988-02-15', '1989-02-14'),
(10195, 49170, '1989-02-14', '1990-02-14'),
(10195, 52462, '1990-02-14', '1991-02-14'),
(10195, 56264, '1991-02-14', '1992-02-14'),
(10195, 57212, '1992-02-14', '1993-02-13'),
(10195, 57717, '1993-02-13', '1994-02-13'),
(10195, 61065, '1994-02-13', '1995-02-13'),
(10195, 63543, '1995-02-13', '1996-02-13'),
(10195, 67603, '1996-02-13', '1997-02-12'),
(10195, 69856, '1997-02-12', '1998-02-12'),
(10195, 73495, '1998-02-12', '1999-02-12'),
(10195, 73679, '1999-02-12', '2000-02-12'),
(10195, 77773, '2000-02-12', '2001-02-11'),
(10195, 81013, '2001-02-11', '2001-04-14'),
(10196, 86671, '1999-01-31', '2000-01-31'),
(10196, 87374, '2000-01-31', '2001-01-30'),
(10196, 91527, '2001-01-30', '2002-01-30'),
(10196, 92885, '2002-01-30', '9999-01-01'),
(10197, 40000, '1994-06-28', '1995-06-28'),
(10197, 44474, '1995-06-28', '1996-06-27'),
(10197, 48873, '1996-06-27', '1997-06-27'),
(10197, 48593, '1997-06-27', '1998-06-27'),
(10197, 51233, '1998-06-27', '1999-06-27'),
(10197, 52810, '1999-06-27', '2000-06-26'),
(10197, 56401, '2000-06-26', '2001-06-26'),
(10197, 60750, '2001-06-26', '2002-06-26'),
(10197, 61807, '2002-06-26', '9999-01-01'),
(10198, 44076, '1985-08-31', '1986-08-31'),
(10198, 44218, '1986-08-31', '1987-08-31'),
(10198, 47748, '1987-08-31', '1988-08-30'),
(10198, 49560, '1988-08-30', '1989-08-30'),
(10198, 52238, '1989-08-30', '1990-08-30'),
(10198, 52796, '1990-08-30', '1991-08-30'),
(10198, 53201, '1991-08-30', '1992-08-29'),
(10198, 55415, '1992-08-29', '1993-08-29'),
(10198, 58842, '1993-08-29', '1994-08-29'),
(10198, 59161, '1994-08-29', '1995-08-29'),
(10198, 61307, '1995-08-29', '1996-08-28'),
(10198, 61158, '1996-08-28', '1997-08-28'),
(10198, 65207, '1997-08-28', '1998-08-28'),
(10198, 67163, '1998-08-28', '1999-08-28'),
(10198, 67920, '1999-08-28', '2000-08-27'),
(10198, 68936, '2000-08-27', '2001-08-27'),
(10198, 69268, '2001-08-27', '9999-01-01'),
(10199, 42042, '1998-02-07', '1999-02-07'),
(10199, 43235, '1999-02-07', '2000-02-07'),
(10199, 43556, '2000-02-07', '2001-02-06'),
(10199, 46522, '2001-02-06', '2002-02-06'),
(10199, 46867, '2002-02-06', '9999-01-01'),
(10200, 46879, '1994-02-17', '1995-02-17'),
(10200, 49740, '1995-02-17', '1996-02-17'),
(10200, 51091, '1996-02-17', '1997-02-16'),
(10200, 54292, '1997-02-16', '1998-02-16'),
(10200, 54515, '1998-02-16', '1999-02-16'),
(10200, 55846, '1999-02-16', '2000-02-16'),
(10200, 57229, '2000-02-16', '2001-02-15'),
(10200, 57361, '2001-02-15', '2002-02-15'),
(10200, 57205, '2002-02-15', '9999-01-01');


INSERT INTO `titles` (`emp_no`, `title`, `from_date`, `to_date`) VALUES
(10120, 'Engineer', '1996-07-06', '9999-01-01'),
(10121, 'Engineer', '1989-05-03', '1996-05-03'),
(10121, 'Senior Engineer', '1996-05-03', '9999-01-01'),
(10122, 'Technique Leader', '1998-08-06', '9999-01-01'),
(10123, 'Assistant Engineer', '1993-01-15', '1999-01-15'),
(10123, 'Engineer', '1999-01-15', '9999-01-01'),
(10124, 'Engineer', '1991-09-05', '1998-09-05'),
(10124, 'Senior Engineer', '1998-09-05', '9999-01-01'),
(10125, 'Staff', '1990-10-26', '1996-03-25'),
(10126, 'Senior Staff', '1991-09-08', '9999-01-01'),
(10126, 'Staff', '1985-09-08', '1991-09-08'),
(10127, 'Senior Engineer', '1991-05-17', '9999-01-01'),
(10128, 'Senior Staff', '1995-06-07', '9999-01-01'),
(10128, 'Staff', '1988-06-06', '1995-06-07'),
(10129, 'Technique Leader', '1996-01-16', '9999-01-01'),
(10130, 'Senior Engineer', '1988-06-21', '9999-01-01'),
(10131, 'Engineer', '1999-09-17', '1999-12-06'),
(10132, 'Staff', '1997-06-18', '9999-01-01'),
(10133, 'Engineer', '1985-12-15', '1991-12-15'),
(10133, 'Senior Engineer', '1991-12-15', '9999-01-01'),
(10134, 'Engineer', '1987-12-12', '1994-12-12'),
(10134, 'Senior Engineer', '1994-12-12', '9999-01-01'),
(10135, 'Assistant Engineer', '1990-01-04', '1999-01-04'),
(10135, 'Engineer', '1999-01-04', '9999-01-01'),
(10136, 'Senior Staff', '1997-06-13', '1999-09-20'),
(10136, 'Staff', '1988-06-13', '1997-06-13'),
(10137, 'Senior Staff', '1994-02-18', '9999-01-01'),
(10137, 'Staff', '1985-02-18', '1994-02-18'),
(10138, 'Engineer', '1992-03-03', '2001-03-03'),
(10138, 'Senior Engineer', '2001-03-03', '9999-01-01'),
(10139, 'Engineer', '1998-03-15', '9999-01-01'),
(10140, 'Senior Staff', '1998-03-14', '9999-01-01'),
(10140, 'Staff', '1991-03-14', '1998-03-14'),
(10141, 'Senior Staff', '1998-07-23', '9999-01-01'),
(10142, 'Engineer', '1993-10-28', '2001-10-28'),
(10142, 'Senior Engineer', '2001-10-28', '9999-01-01'),
(10143, 'Engineer', '1988-09-30', '1993-09-30'),
(10143, 'Senior Engineer', '1993-09-30', '9999-01-01'),
(10144, 'Senior Staff', '1992-10-14', '1993-08-10'),
(10144, 'Staff', '1985-10-14', '1992-10-14'),
(10145, 'Engineer', '1999-11-03', '9999-01-01'),
(10146, 'Staff', '1988-06-28', '1990-09-07'),
(10147, 'Senior Staff', '1995-12-18', '9999-01-01'),
(10147, 'Staff', '1987-12-18', '1995-12-18'),
(10148, 'Staff', '1996-07-15', '9999-01-01'),
(10149, 'Staff', '1994-01-28', '1996-08-27'),
(10150, 'Engineer', '1986-11-16', '1995-11-16'),
(10150, 'Senior Engineer', '1995-11-16', '9999-01-01'),
(10151, 'Senior Staff', '1997-12-12', '9999-01-01'),
(10151, 'Staff', '1992-12-12', '1997-12-12'),
(10152, 'Engineer', '1986-01-27', '1987-08-03'),
(10153, 'Assistant Engineer', '2000-01-08', '9999-01-01'),
(10154, 'Staff', '1996-10-23', '9999-01-01'),
(10155, 'Senior Staff', '1996-01-05', '9999-01-01'),
(10155, 'Staff', '1990-01-05', '1996-01-05'),
(10156, 'Engineer', '1993-05-14', '2001-05-14'),
(10156, 'Senior Engineer', '2001-05-14', '9999-01-01'),
(10157, 'Senior Engineer', '1997-12-10', '9999-01-01'),
(10158, 'Engineer', '1987-06-04', '1996-06-03'),
(10158, 'Senior Engineer', '1996-06-03', '9999-01-01'),
(10159, 'Senior Engineer', '1996-06-12', '9999-01-01'),
(10160, 'Senior Staff', '2000-12-06', '9999-01-01'),
(10160, 'Staff', '1993-12-06', '2000-12-06'),
(10161, 'Engineer', '1991-06-09', '1994-01-05'),
(10162, 'Engineer', '1998-05-27', '9999-01-01'),
(10163, 'Senior Staff', '1992-02-02', '9999-01-01'),
(10164, 'Engineer', '1990-10-19', '1999-10-19'),
(10164, 'Senior Engineer', '1999-10-19', '9999-01-01'),
(10165, 'Senior Staff', '1988-05-17', '9999-01-01'),
(10166, 'Engineer', '1996-09-02', '9999-01-01'),
(10167, 'Engineer', '1992-04-04', '2001-04-04'),
(10167, 'Senior Engineer', '2001-04-04', '9999-01-01'),
(10168, 'Senior Staff', '1995-12-06', '9999-01-01'),
(10168, 'Staff', '1986-12-06', '1995-12-06'),
(10169, 'Engineer', '1998-06-28', '9999-01-01'),
(10170, 'Engineer', '1986-01-02', '1989-02-06'),
(10171, 'Technique Leader', '1996-08-05', '9999-01-01'),
(10172, 'Engineer', '1998-02-04', '9999-01-01'),
(10173, 'Senior Staff', '1999-03-22', '9999-01-01'),
(10173, 'Staff', '1992-03-21', '1999-03-22'),
(10174, 'Engineer', '1987-06-01', '1995-06-01'),
(10174, 'Senior Engineer', '1995-06-01', '9999-01-01'),
(10175, 'Staff', '1988-09-24', '1995-05-24'),
(10176, 'Senior Staff', '1999-12-22', '9999-01-01'),
(10176, 'Staff', '1994-12-22', '1999-12-22'),
(10177, 'Staff', '1993-02-06', '1994-03-17'),
(10178, 'Staff', '1994-03-21', '9999-01-01'),
(10179, 'Engineer', '2000-01-25', '9999-01-01'),
(10180, 'Senior Staff', '2002-07-01', '9999-01-01'),
(10180, 'Staff', '1994-07-01', '2002-07-01'),
(10181, 'Senior Engineer', '1988-06-22', '9999-01-01'),
(10182, 'Engineer', '1990-09-02', '1995-09-02'),
(10182, 'Senior Engineer', '1995-09-02', '9999-01-01'),
(10183, 'Staff', '1996-08-11', '9999-01-01'),
(10184, 'Staff', '1997-12-26', '9999-01-01'),
(10185, 'Senior Staff', '1992-02-29', '9999-01-01'),
(10185, 'Staff', '1986-03-01', '1992-02-29'),
(10186, 'Staff', '1996-12-25', '1997-08-16'),
(10187, 'Senior Staff', '2000-05-31', '9999-01-01'),
(10187, 'Staff', '1991-06-01', '2000-05-31'),
(10188, 'Senior Engineer', '1987-08-27', '9999-01-01'),
(10189, 'Engineer', '1992-09-13', '1993-06-29'),
(10190, 'Engineer', '1986-06-23', '1994-06-23'),
(10190, 'Senior Engineer', '1994-06-23', '9999-01-01'),
(10191, 'Senior Engineer', '1986-04-10', '9999-01-01'),
(10192, 'Engineer', '1988-06-13', '1993-06-13'),
(10192, 'Senior Engineer', '1993-06-13', '9999-01-01'),
(10193, 'Engineer', '1996-09-21', '9999-01-01'),
(10194, 'Senior Staff', '2002-02-14', '9999-01-01'),
(10194, 'Staff', '1997-02-14', '2002-02-14'),
(10195, 'Engineer', '1985-02-15', '1991-02-15'),
(10195, 'Senior Engineer', '1991-02-15', '2001-04-14'),
(10196, 'Staff', '1999-01-31', '9999-01-01'),
(10197, 'Engineer', '1994-06-28', '2001-06-28'),
(10197, 'Senior Engineer', '2001-06-28', '9999-01-01'),
(10198, 'Engineer', '1985-08-31', '1993-08-31'),
(10198, 'Senior Engineer', '1993-08-31', '9999-01-01'),
(10199, 'Staff', '1998-02-07', '9999-01-01'),
(10200, 'Engineer', '1994-02-17', '2000-02-17'),
(10200, 'Senior Engineer', '2000-02-17', '9999-01-01');

